"slugSeason","numberGameTeamSeason","numberGamePlayerSeason","slugMatchup","idGame","outcomeGame","locationGame","nameTeam","slugOpponent","dateGame","idPlayer","namePlayer","minutes","fgm","fga","fg3m","fg3a","ftm","fta","pts","oreb","dreb","treb","ast","stl","blk","tov","pf","plusminus","dateBirth","yearDraft","numberRound","numberOverallPick","nameSchool","heightInches","weightLBS","heightFeet"
"2019-20",1,1,"LAL @ LAC",21900002,"L","A","Los Angeles Lakers","LAC",2019-10-22,203076,"Anthony Davis",37,8,21,0,2,9,14,25,3,6,9,5,1,2,3,3,3,1993-03-11,2012,1,1,"Kentucky",82,253,6.8333333306
"2019-20",1,1,"LAL @ LAC",21900002,"L","A","Los Angeles Lakers","LAC",2019-10-22,2730,"Dwight Howard",19,1,3,0,0,1,1,3,3,3,6,1,0,1,0,4,-1,1985-12-08,2004,1,1,"No College",82,265,6.8333333306
"2019-20",1,1,"LAL @ LAC",21900002,"L","A","Los Angeles Lakers","LAC",2019-10-22,1626188,"Quinn Cook",17,2,7,0,3,0,0,4,0,1,1,2,0,0,1,0,-9,1993-03-23,NA,NA,NA,"Duke",73,180,6.0833333309
"2019-20",1,1,"LAL @ LAC",21900002,"L","A","Los Angeles Lakers","LAC",2019-10-22,202340,"Avery Bradley",24,3,7,2,5,0,0,8,0,3,3,0,0,0,2,3,-1,1990-11-26,2010,1,19,"Texas",75,180,6.2499999975
"2019-20",1,1,"LAL @ LAC",21900002,"L","A","Los Angeles Lakers","LAC",2019-10-22,201980,"Danny Green",32,10,14,7,9,1,1,28,1,6,7,0,2,1,0,3,7,1987-06-22,2009,2,46,"North Carolina",78,215,6.4999999974
"2019-20",1,1,"LAL @ LAC",21900002,"L","A","Los Angeles Lakers","LAC",2019-10-22,201580,"JaVale McGee",17,2,3,0,0,0,0,4,1,1,2,0,0,2,1,0,0,1988-01-19,2008,1,18,"Nevada-Reno",84,270,6.9999999972
"2019-20",1,1,"LAL @ LAC",21900002,"L","A","Los Angeles Lakers","LAC",2019-10-22,203484,"Kentavious Caldwell-Pope",27,0,3,0,2,0,0,0,0,3,3,3,0,0,1,5,-8,1993-02-18,2013,1,8,"Georgia",77,204,6.4166666641
"2019-20",1,1,"LAL @ LAC",21900002,"L","A","Los Angeles Lakers","LAC",2019-10-22,2544,"LeBron James",36,7,19,1,5,3,4,18,1,9,10,8,1,1,5,3,-8,1984-12-30,2003,1,1,"No College",81,250,6.7499999973
"2019-20",1,1,"LAL @ LAC",21900002,"L","A","Los Angeles Lakers","LAC",2019-10-22,203584,"Troy Daniels",16,2,6,1,5,1,1,6,0,0,0,1,0,0,1,1,-13,1991-07-15,NA,NA,NA,"Va Commonwealth",76,200,6.3333333308
"2019-20",1,1,"LAL @ LAC",21900002,"L","A","Los Angeles Lakers","LAC",2019-10-22,201162,"Jared Dudley",13,2,2,2,2,0,0,6,0,0,0,0,0,0,0,2,-20,1985-07-10,2007,1,22,"Boston College",78,237,6.4999999974
"2019-20",2,2,"LAL vs. UTA",21900025,"W","H","Los Angeles Lakers","UTA",2019-10-25,2730,"Dwight Howard",19,1,3,0,0,0,2,2,3,4,7,2,2,2,2,5,13,1985-12-08,2004,1,1,"No College",82,265,6.8333333306
"2019-20",2,2,"LAL vs. UTA",21900025,"W","H","Los Angeles Lakers","UTA",2019-10-25,1626188,"Quinn Cook",21,2,8,0,1,0,0,4,0,1,1,3,0,0,1,0,0,1993-03-23,NA,NA,NA,"Duke",73,180,6.0833333309
"2019-20",2,2,"LAL vs. UTA",21900025,"W","H","Los Angeles Lakers","UTA",2019-10-25,203584,"Troy Daniels",21,5,9,4,8,1,1,15,0,3,3,0,1,0,1,0,9,1991-07-15,NA,NA,NA,"Va Commonwealth",76,200,6.3333333308
"2019-20",2,2,"LAL vs. UTA",21900025,"W","H","Los Angeles Lakers","UTA",2019-10-25,203484,"Kentavious Caldwell-Pope",21,0,6,0,2,1,2,1,0,2,2,1,2,0,0,3,3,1993-02-18,2013,1,8,"Georgia",77,204,6.4166666641
"2019-20",2,2,"LAL vs. UTA",21900025,"W","H","Los Angeles Lakers","UTA",2019-10-25,2544,"LeBron James",31,12,22,1,4,7,8,32,2,5,7,10,1,0,1,0,17,1984-12-30,2003,1,1,"No College",81,250,6.7499999973
"2019-20",2,1,"LAL vs. UTA",21900025,"W","H","Los Angeles Lakers","UTA",2019-10-25,1629668,"Zach Norvell Jr.",3,0,1,0,0,0,0,0,0,1,1,0,0,0,0,0,-6,1997-12-09,NA,NA,NA,"Gonzaga",77,205,6.4166666641
"2019-20",2,1,"LAL vs. UTA",21900025,"W","H","Los Angeles Lakers","UTA",2019-10-25,1628961,"Kostas Antetokounmpo",0,0,0,0,0,0,0,0,0,0,0,0,0,0,0,0,0,1997-11-20,2018,2,60,"University of Dayton",82,200,6.8333333306
"2019-20",2,1,"LAL vs. UTA",21900025,"W","H","Los Angeles Lakers","UTA",2019-10-25,1627936,"Alex Caruso",20,1,3,0,0,0,0,2,0,0,0,0,1,0,2,1,-2,1994-02-28,NA,NA,NA,"Texas A&M",77,186,6.4166666641
"2019-20",2,2,"LAL vs. UTA",21900025,"W","H","Los Angeles Lakers","UTA",2019-10-25,203076,"Anthony Davis",32,7,17,0,2,7,7,21,0,7,7,2,2,5,3,4,5,1993-03-11,2012,1,1,"Kentucky",82,253,6.8333333306
"2019-20",2,2,"LAL vs. UTA",21900025,"W","H","Los Angeles Lakers","UTA",2019-10-25,202340,"Avery Bradley",26,3,8,1,4,2,2,9,0,5,5,0,2,1,0,3,-2,1990-11-26,2010,1,19,"Texas",75,180,6.2499999975
"2019-20",2,2,"LAL vs. UTA",21900025,"W","H","Los Angeles Lakers","UTA",2019-10-25,201980,"Danny Green",28,3,8,2,5,1,2,9,2,2,4,1,3,1,1,4,7,1987-06-22,2009,2,46,"North Carolina",78,215,6.4999999974
"2019-20",2,2,"LAL vs. UTA",21900025,"W","H","Los Angeles Lakers","UTA",2019-10-25,201580,"JaVale McGee",12,0,1,0,0,0,0,0,4,0,4,0,0,0,3,1,-4,1988-01-19,2008,1,18,"Nevada-Reno",84,270,6.9999999972
"2019-20",2,2,"LAL vs. UTA",21900025,"W","H","Los Angeles Lakers","UTA",2019-10-25,201162,"Jared Dudley",5,0,0,0,0,0,0,0,0,1,1,0,0,0,0,0,5,1985-07-10,2007,1,22,"Boston College",78,237,6.4999999974
"2019-20",3,3,"LAL vs. CHA",21900040,"W","H","Los Angeles Lakers","CHA",2019-10-27,1626188,"Quinn Cook",24,5,9,2,4,0,0,12,1,2,3,8,0,0,0,3,10,1993-03-23,NA,NA,NA,"Duke",73,180,6.0833333309
"2019-20",3,3,"LAL vs. CHA",21900040,"W","H","Los Angeles Lakers","CHA",2019-10-27,201580,"JaVale McGee",16,5,8,0,0,0,1,10,2,2,4,1,1,0,0,2,-8,1988-01-19,2008,1,18,"Nevada-Reno",84,270,6.9999999972
"2019-20",3,3,"LAL vs. CHA",21900040,"W","H","Los Angeles Lakers","CHA",2019-10-27,2730,"Dwight Howard",23,8,8,0,0,0,2,16,3,7,10,1,0,4,1,3,23,1985-12-08,2004,1,1,"No College",82,265,6.8333333306
"2019-20",3,3,"LAL vs. CHA",21900040,"W","H","Los Angeles Lakers","CHA",2019-10-27,203584,"Troy Daniels",12,2,6,1,5,0,0,5,0,0,0,0,1,0,0,1,2,1991-07-15,NA,NA,NA,"Va Commonwealth",76,200,6.3333333308
"2019-20",3,3,"LAL vs. CHA",21900040,"W","H","Los Angeles Lakers","CHA",2019-10-27,2544,"LeBron James",35,7,14,1,3,5,5,20,1,5,6,12,1,0,4,0,17,1984-12-30,2003,1,1,"No College",81,250,6.7499999973
"2019-20",3,3,"LAL vs. CHA",21900040,"W","H","Los Angeles Lakers","CHA",2019-10-27,203484,"Kentavious Caldwell-Pope",19,4,8,2,4,0,0,10,1,0,1,2,1,0,1,1,21,1993-02-18,2013,1,8,"Georgia",77,204,6.4166666641
"2019-20",3,3,"LAL vs. CHA",21900040,"W","H","Los Angeles Lakers","CHA",2019-10-27,203076,"Anthony Davis",32,10,19,3,5,6,6,29,2,12,14,3,1,3,5,3,5,1993-03-11,2012,1,1,"Kentucky",82,253,6.8333333306
"2019-20",3,2,"LAL vs. CHA",21900040,"W","H","Los Angeles Lakers","CHA",2019-10-27,1629668,"Zach Norvell Jr.",2,0,0,0,0,0,0,0,0,0,0,0,0,0,0,0,2,1997-12-09,NA,NA,NA,"Gonzaga",77,205,6.4166666641
"2019-20",3,2,"LAL vs. CHA",21900040,"W","H","Los Angeles Lakers","CHA",2019-10-27,1627936,"Alex Caruso",13,2,3,1,2,0,0,5,0,2,2,1,1,1,1,3,17,1994-02-28,NA,NA,NA,"Texas A&M",77,186,6.4166666641
"2019-20",3,3,"LAL vs. CHA",21900040,"W","H","Los Angeles Lakers","CHA",2019-10-27,201980,"Danny Green",26,2,10,1,5,0,0,5,0,4,4,2,0,0,0,2,6,1987-06-22,2009,2,46,"North Carolina",78,215,6.4999999974
"2019-20",3,3,"LAL vs. CHA",21900040,"W","H","Los Angeles Lakers","CHA",2019-10-27,201162,"Jared Dudley",7,0,1,0,0,0,0,0,0,1,1,0,0,0,0,2,4,1985-07-10,2007,1,22,"Boston College",78,237,6.4999999974
"2019-20",3,2,"LAL vs. CHA",21900040,"W","H","Los Angeles Lakers","CHA",2019-10-27,1628961,"Kostas Antetokounmpo",2,0,0,0,0,0,0,0,0,1,1,0,0,0,0,0,2,1997-11-20,2018,2,60,"University of Dayton",82,200,6.8333333306
"2019-20",3,3,"LAL vs. CHA",21900040,"W","H","Los Angeles Lakers","CHA",2019-10-27,202340,"Avery Bradley",28,4,7,0,3,0,0,8,0,1,1,0,1,0,1,2,-6,1990-11-26,2010,1,19,"Texas",75,180,6.2499999975
"2019-20",4,4,"LAL vs. MEM",21900054,"W","H","Los Angeles Lakers","MEM",2019-10-29,201162,"Jared Dudley",7,0,0,0,0,0,0,0,0,0,0,1,1,0,0,1,9,1985-07-10,2007,1,22,"Boston College",78,237,6.4999999974
"2019-20",4,4,"LAL vs. MEM",21900054,"W","H","Los Angeles Lakers","MEM",2019-10-29,201580,"JaVale McGee",29,5,7,0,0,0,1,10,1,8,9,1,0,1,2,3,7,1988-01-19,2008,1,18,"Nevada-Reno",84,270,6.9999999972
"2019-20",4,4,"LAL vs. MEM",21900054,"W","H","Los Angeles Lakers","MEM",2019-10-29,2544,"LeBron James",28,8,15,2,5,5,7,23,0,2,2,8,0,1,6,0,2,1984-12-30,2003,1,1,"No College",81,250,6.7499999973
"2019-20",4,4,"LAL vs. MEM",21900054,"W","H","Los Angeles Lakers","MEM",2019-10-29,2730,"Dwight Howard",19,1,2,0,0,0,0,2,1,4,5,2,1,2,1,5,22,1985-12-08,2004,1,1,"No College",82,265,6.8333333306
"2019-20",4,4,"LAL vs. MEM",21900054,"W","H","Los Angeles Lakers","MEM",2019-10-29,203584,"Troy Daniels",20,2,7,1,5,0,0,5,0,3,3,1,0,0,1,0,7,1991-07-15,NA,NA,NA,"Va Commonwealth",76,200,6.3333333308
"2019-20",4,3,"LAL vs. MEM",21900054,"W","H","Los Angeles Lakers","MEM",2019-10-29,1627936,"Alex Caruso",13,0,4,0,2,0,0,0,0,3,3,4,3,1,2,0,14,1994-02-28,NA,NA,NA,"Texas A&M",77,186,6.4166666641
"2019-20",4,4,"LAL vs. MEM",21900054,"W","H","Los Angeles Lakers","MEM",2019-10-29,203076,"Anthony Davis",31,7,17,0,2,26,27,40,8,12,20,2,0,2,0,2,19,1993-03-11,2012,1,1,"Kentucky",82,253,6.8333333306
"2019-20",4,4,"LAL vs. MEM",21900054,"W","H","Los Angeles Lakers","MEM",2019-10-29,1626188,"Quinn Cook",22,3,8,1,5,0,0,7,0,3,3,1,1,0,2,0,25,1993-03-23,NA,NA,NA,"Duke",73,180,6.0833333309
"2019-20",4,4,"LAL vs. MEM",21900054,"W","H","Los Angeles Lakers","MEM",2019-10-29,201980,"Danny Green",19,3,6,2,5,0,0,8,0,0,0,1,1,0,1,3,3,1987-06-22,2009,2,46,"North Carolina",78,215,6.4999999974
"2019-20",4,4,"LAL vs. MEM",21900054,"W","H","Los Angeles Lakers","MEM",2019-10-29,202340,"Avery Bradley",24,5,9,1,1,1,3,12,0,3,3,1,2,0,2,2,11,1990-11-26,2010,1,19,"Texas",75,180,6.2499999975
"2019-20",4,4,"LAL vs. MEM",21900054,"W","H","Los Angeles Lakers","MEM",2019-10-29,203484,"Kentavious Caldwell-Pope",29,6,11,0,1,1,1,13,0,6,6,3,0,1,1,3,26,1993-02-18,2013,1,8,"Georgia",77,204,6.4166666641
"2019-20",5,5,"LAL @ DAL",21900074,"W","A","Los Angeles Lakers","DAL",2019-11-01,201580,"JaVale McGee",12,1,1,0,0,0,0,2,1,1,2,0,0,1,0,3,1,1988-01-19,2008,1,18,"Nevada-Reno",84,270,6.9999999972
"2019-20",5,5,"LAL @ DAL",21900074,"W","A","Los Angeles Lakers","DAL",2019-11-01,2544,"LeBron James",43,13,23,4,9,9,11,39,0,12,12,16,4,1,4,5,15,1984-12-30,2003,1,1,"No College",81,250,6.7499999973
"2019-20",5,5,"LAL @ DAL",21900074,"W","A","Los Angeles Lakers","DAL",2019-11-01,201980,"Danny Green",34,5,9,3,6,1,2,14,0,1,1,1,1,0,1,2,8,1987-06-22,2009,2,46,"North Carolina",78,215,6.4999999974
"2019-20",5,1,"LAL @ DAL",21900074,"W","A","Los Angeles Lakers","DAL",2019-11-01,1628398,"Kyle Kuzma",19,3,8,0,4,3,4,9,1,2,3,1,0,0,1,0,-6,1995-07-24,2017,1,27,"Utah",80,221,6.666666664
"2019-20",5,5,"LAL @ DAL",21900074,"W","A","Los Angeles Lakers","DAL",2019-11-01,1626188,"Quinn Cook",4,0,0,0,0,0,0,0,0,0,0,0,0,0,0,0,3,1993-03-23,NA,NA,NA,"Duke",73,180,6.0833333309
"2019-20",5,5,"LAL @ DAL",21900074,"W","A","Los Angeles Lakers","DAL",2019-11-01,203584,"Troy Daniels",9,0,4,0,2,0,0,0,0,0,0,1,0,0,0,0,-4,1991-07-15,NA,NA,NA,"Va Commonwealth",76,200,6.3333333308
"2019-20",5,5,"LAL @ DAL",21900074,"W","A","Los Angeles Lakers","DAL",2019-11-01,2730,"Dwight Howard",27,1,1,0,0,2,2,4,1,7,8,0,2,3,1,4,8,1985-12-08,2004,1,1,"No College",82,265,6.8333333306
"2019-20",5,5,"LAL @ DAL",21900074,"W","A","Los Angeles Lakers","DAL",2019-11-01,203484,"Kentavious Caldwell-Pope",21,1,5,0,1,0,0,2,0,0,0,1,0,0,1,2,0,1993-02-18,2013,1,8,"Georgia",77,204,6.4166666641
"2019-20",5,4,"LAL @ DAL",21900074,"W","A","Los Angeles Lakers","DAL",2019-11-01,1627936,"Alex Caruso",16,3,5,1,2,0,0,7,0,2,2,0,0,0,1,1,-3,1994-02-28,NA,NA,NA,"Texas A&M",77,186,6.4166666641
"2019-20",5,5,"LAL @ DAL",21900074,"W","A","Los Angeles Lakers","DAL",2019-11-01,203076,"Anthony Davis",43,15,28,0,5,1,2,31,2,6,8,2,2,2,1,1,12,1993-03-11,2012,1,1,"Kentucky",82,253,6.8333333306
"2019-20",5,5,"LAL @ DAL",21900074,"W","A","Los Angeles Lakers","DAL",2019-11-01,202340,"Avery Bradley",39,5,12,1,3,0,0,11,1,4,5,2,2,0,1,3,11,1990-11-26,2010,1,19,"Texas",75,180,6.2499999975
"2019-20",6,6,"LAL @ SAS",21900088,"W","A","Los Angeles Lakers","SAS",2019-11-03,2730,"Dwight Howard",21,7,7,0,0,0,1,14,4,9,13,2,0,2,1,3,2,1985-12-08,2004,1,1,"No College",82,265,6.8333333306
"2019-20",6,5,"LAL @ SAS",21900088,"W","A","Los Angeles Lakers","SAS",2019-11-03,1627936,"Alex Caruso",20,1,3,0,1,0,0,2,0,0,0,3,2,1,3,1,-13,1994-02-28,NA,NA,NA,"Texas A&M",77,186,6.4166666641
"2019-20",6,6,"LAL @ SAS",21900088,"W","A","Los Angeles Lakers","SAS",2019-11-03,2544,"LeBron James",37,8,23,0,6,5,10,21,1,10,11,13,2,1,5,2,15,1984-12-30,2003,1,1,"No College",81,250,6.7499999973
"2019-20",6,6,"LAL @ SAS",21900088,"W","A","Los Angeles Lakers","SAS",2019-11-03,203484,"Kentavious Caldwell-Pope",28,5,9,2,5,2,2,14,0,1,1,0,1,0,1,2,4,1993-02-18,2013,1,8,"Georgia",77,204,6.4166666641
"2019-20",6,6,"LAL @ SAS",21900088,"W","A","Los Angeles Lakers","SAS",2019-11-03,203076,"Anthony Davis",36,10,20,1,2,4,4,25,2,9,11,2,0,4,6,2,7,1993-03-11,2012,1,1,"Kentucky",82,253,6.8333333306
"2019-20",6,6,"LAL @ SAS",21900088,"W","A","Los Angeles Lakers","SAS",2019-11-03,201580,"JaVale McGee",11,1,1,0,0,0,0,2,0,3,3,0,0,2,0,4,-1,1988-01-19,2008,1,18,"Nevada-Reno",84,270,6.9999999972
"2019-20",6,6,"LAL @ SAS",21900088,"W","A","Los Angeles Lakers","SAS",2019-11-03,203584,"Troy Daniels",15,0,2,0,1,1,1,1,0,0,0,0,1,0,0,0,-4,1991-07-15,NA,NA,NA,"Va Commonwealth",76,200,6.3333333308
"2019-20",6,6,"LAL @ SAS",21900088,"W","A","Los Angeles Lakers","SAS",2019-11-03,202340,"Avery Bradley",27,7,9,1,1,1,1,16,0,3,3,1,1,0,0,0,8,1990-11-26,2010,1,19,"Texas",75,180,6.2499999975
"2019-20",6,6,"LAL @ SAS",21900088,"W","A","Los Angeles Lakers","SAS",2019-11-03,1626188,"Quinn Cook",5,0,2,0,1,0,0,0,0,0,0,0,0,0,0,1,4,1993-03-23,NA,NA,NA,"Duke",73,180,6.0833333309
"2019-20",6,6,"LAL @ SAS",21900088,"W","A","Los Angeles Lakers","SAS",2019-11-03,201980,"Danny Green",23,1,4,1,3,0,0,3,0,1,1,0,1,0,2,5,10,1987-06-22,2009,2,46,"North Carolina",78,215,6.4999999974
"2019-20",6,2,"LAL @ SAS",21900088,"W","A","Los Angeles Lakers","SAS",2019-11-03,1628398,"Kyle Kuzma",16,2,7,1,4,0,0,5,0,3,3,0,0,0,0,2,3,1995-07-24,2017,1,27,"Utah",80,221,6.666666664
"2019-20",7,3,"LAL @ CHI",21900100,"W","A","Los Angeles Lakers","CHI",2019-11-05,1628398,"Kyle Kuzma",21,7,16,1,8,0,1,15,0,4,4,0,0,1,3,1,4,1995-07-24,2017,1,27,"Utah",80,221,6.666666664
"2019-20",7,7,"LAL @ CHI",21900100,"W","A","Los Angeles Lakers","CHI",2019-11-05,203076,"Anthony Davis",31,6,15,1,2,2,2,15,3,4,7,3,1,3,3,4,-3,1993-03-11,2012,1,1,"Kentucky",82,253,6.8333333306
"2019-20",7,7,"LAL @ CHI",21900100,"W","A","Los Angeles Lakers","CHI",2019-11-05,2730,"Dwight Howard",24,3,4,0,0,0,1,6,2,4,6,0,0,1,0,5,4,1985-12-08,2004,1,1,"No College",82,265,6.8333333306
"2019-20",7,7,"LAL @ CHI",21900100,"W","A","Los Angeles Lakers","CHI",2019-11-05,203584,"Troy Daniels",14,1,5,1,4,0,0,3,1,1,2,3,0,0,0,1,-6,1991-07-15,NA,NA,NA,"Va Commonwealth",76,200,6.3333333308
"2019-20",7,6,"LAL @ CHI",21900100,"W","A","Los Angeles Lakers","CHI",2019-11-05,1627936,"Alex Caruso",24,2,8,1,4,2,3,7,1,2,3,1,2,0,2,1,2,1994-02-28,NA,NA,NA,"Texas A&M",77,186,6.4166666641
"2019-20",7,7,"LAL @ CHI",21900100,"W","A","Los Angeles Lakers","CHI",2019-11-05,1626188,"Quinn Cook",26,6,9,3,4,2,3,17,2,2,4,2,1,1,1,0,14,1993-03-23,NA,NA,NA,"Duke",73,180,6.0833333309
"2019-20",7,7,"LAL @ CHI",21900100,"W","A","Los Angeles Lakers","CHI",2019-11-05,201580,"JaVale McGee",17,4,4,0,0,2,3,10,2,4,6,3,1,2,1,0,0,1988-01-19,2008,1,18,"Nevada-Reno",84,270,6.9999999972
"2019-20",7,7,"LAL @ CHI",21900100,"W","A","Los Angeles Lakers","CHI",2019-11-05,203484,"Kentavious Caldwell-Pope",21,3,7,1,2,1,2,8,1,2,3,1,1,0,2,1,-1,1993-02-18,2013,1,8,"Georgia",77,204,6.4166666641
"2019-20",7,7,"LAL @ CHI",21900100,"W","A","Los Angeles Lakers","CHI",2019-11-05,2544,"LeBron James",35,10,19,2,6,8,9,30,0,10,10,11,2,1,2,3,17,1984-12-30,2003,1,1,"No College",81,250,6.7499999973
"2019-20",7,5,"LAL @ CHI",21900100,"W","A","Los Angeles Lakers","CHI",2019-11-05,201162,"Jared Dudley",1,0,0,0,0,0,0,0,0,0,0,0,0,0,0,0,-5,1985-07-10,2007,1,22,"Boston College",78,237,6.4999999974
"2019-20",7,7,"LAL @ CHI",21900100,"W","A","Los Angeles Lakers","CHI",2019-11-05,201980,"Danny Green",26,3,5,1,3,0,0,7,0,4,4,2,2,1,1,2,4,1987-06-22,2009,2,46,"North Carolina",78,215,6.4999999974
"2019-20",8,8,"LAL vs. MIA",21900126,"W","H","Los Angeles Lakers","MIA",2019-11-08,203076,"Anthony Davis",35,11,17,0,0,4,4,26,2,6,8,7,2,3,2,4,27,1993-03-11,2012,1,1,"Kentucky",82,253,6.8333333306
"2019-20",8,8,"LAL vs. MIA",21900126,"W","H","Los Angeles Lakers","MIA",2019-11-08,1626188,"Quinn Cook",15,1,4,0,2,0,0,2,0,0,0,2,0,0,2,2,-5,1993-03-23,NA,NA,NA,"Duke",73,180,6.0833333309
"2019-20",8,8,"LAL vs. MIA",21900126,"W","H","Los Angeles Lakers","MIA",2019-11-08,203484,"Kentavious Caldwell-Pope",18,1,6,0,3,0,0,2,1,1,2,3,1,0,0,0,-3,1993-02-18,2013,1,8,"Georgia",77,204,6.4166666641
"2019-20",8,8,"LAL vs. MIA",21900126,"W","H","Los Angeles Lakers","MIA",2019-11-08,2544,"LeBron James",36,10,19,4,7,1,2,25,1,3,4,6,0,0,3,2,16,1984-12-30,2003,1,1,"No College",81,250,6.7499999973
"2019-20",8,7,"LAL vs. MIA",21900126,"W","H","Los Angeles Lakers","MIA",2019-11-08,1627936,"Alex Caruso",19,3,6,0,1,0,0,6,0,3,3,4,0,1,1,1,1,1994-02-28,NA,NA,NA,"Texas A&M",77,186,6.4166666641
"2019-20",8,4,"LAL vs. MIA",21900126,"W","H","Los Angeles Lakers","MIA",2019-11-08,1628398,"Kyle Kuzma",25,3,9,1,7,0,0,7,1,4,5,1,0,0,4,2,-11,1995-07-24,2017,1,27,"Utah",80,221,6.666666664
"2019-20",8,8,"LAL vs. MIA",21900126,"W","H","Los Angeles Lakers","MIA",2019-11-08,201580,"JaVale McGee",16,4,7,0,0,1,1,9,3,7,10,1,1,1,1,1,20,1988-01-19,2008,1,18,"Nevada-Reno",84,270,6.9999999972
"2019-20",8,8,"LAL vs. MIA",21900126,"W","H","Los Angeles Lakers","MIA",2019-11-08,2730,"Dwight Howard",15,1,2,0,0,0,0,2,0,6,6,1,0,0,1,4,-10,1985-12-08,2004,1,1,"No College",82,265,6.8333333306
"2019-20",8,8,"LAL vs. MIA",21900126,"W","H","Los Angeles Lakers","MIA",2019-11-08,201980,"Danny Green",23,1,7,1,5,1,1,4,1,2,3,2,2,0,2,4,17,1987-06-22,2009,2,46,"North Carolina",78,215,6.4999999974
"2019-20",8,7,"LAL vs. MIA",21900126,"W","H","Los Angeles Lakers","MIA",2019-11-08,202340,"Avery Bradley",25,4,9,1,4,0,0,9,1,4,5,3,0,0,2,4,24,1990-11-26,2010,1,19,"Texas",75,180,6.2499999975
"2019-20",8,8,"LAL vs. MIA",21900126,"W","H","Los Angeles Lakers","MIA",2019-11-08,203584,"Troy Daniels",13,1,3,1,3,0,0,3,0,2,2,0,0,0,0,0,-1,1991-07-15,NA,NA,NA,"Va Commonwealth",76,200,6.3333333308
"2019-20",9,5,"LAL vs. TOR",21900139,"L","H","Los Angeles Lakers","TOR",2019-11-10,1628398,"Kyle Kuzma",24,6,13,3,7,0,0,15,0,5,5,0,0,0,0,3,-12,1995-07-24,2017,1,27,"Utah",80,221,6.666666664
"2019-20",9,8,"LAL vs. TOR",21900139,"L","H","Los Angeles Lakers","TOR",2019-11-10,1627936,"Alex Caruso",17,1,3,0,1,1,2,3,0,2,2,4,0,0,1,1,-4,1994-02-28,NA,NA,NA,"Texas A&M",77,186,6.4166666641
"2019-20",9,9,"LAL vs. TOR",21900139,"L","H","Los Angeles Lakers","TOR",2019-11-10,203584,"Troy Daniels",17,4,7,3,5,0,0,11,0,4,4,0,0,1,0,1,-2,1991-07-15,NA,NA,NA,"Va Commonwealth",76,200,6.3333333308
"2019-20",9,9,"LAL vs. TOR",21900139,"L","H","Los Angeles Lakers","TOR",2019-11-10,2730,"Dwight Howard",17,3,3,0,0,3,5,9,2,4,6,0,0,0,0,3,-4,1985-12-08,2004,1,1,"No College",82,265,6.8333333306
"2019-20",9,9,"LAL vs. TOR",21900139,"L","H","Los Angeles Lakers","TOR",2019-11-10,2544,"LeBron James",35,5,15,0,2,3,6,13,3,10,13,15,0,1,2,0,-6,1984-12-30,2003,1,1,"No College",81,250,6.7499999973
"2019-20",9,9,"LAL vs. TOR",21900139,"L","H","Los Angeles Lakers","TOR",2019-11-10,1626188,"Quinn Cook",12,3,5,1,1,0,0,7,0,1,1,3,1,0,1,1,-5,1993-03-23,NA,NA,NA,"Duke",73,180,6.0833333309
"2019-20",9,9,"LAL vs. TOR",21900139,"L","H","Los Angeles Lakers","TOR",2019-11-10,203076,"Anthony Davis",38,10,20,2,5,5,6,27,3,5,8,3,2,4,5,3,-6,1993-03-11,2012,1,1,"Kentucky",82,253,6.8333333306
"2019-20",9,8,"LAL vs. TOR",21900139,"L","H","Los Angeles Lakers","TOR",2019-11-10,202340,"Avery Bradley",31,4,10,1,4,0,0,9,3,1,4,4,2,0,1,4,5,1990-11-26,2010,1,19,"Texas",75,180,6.2499999975
"2019-20",9,9,"LAL vs. TOR",21900139,"L","H","Los Angeles Lakers","TOR",2019-11-10,201980,"Danny Green",27,0,5,0,4,0,0,0,1,2,3,2,1,1,1,1,-3,1987-06-22,2009,2,46,"North Carolina",78,215,6.4999999974
"2019-20",9,9,"LAL vs. TOR",21900139,"L","H","Los Angeles Lakers","TOR",2019-11-10,203484,"Kentavious Caldwell-Pope",4,0,2,0,1,0,0,0,0,1,1,0,0,0,0,0,-10,1993-02-18,2013,1,8,"Georgia",77,204,6.4166666641
"2019-20",9,6,"LAL vs. TOR",21900139,"L","H","Los Angeles Lakers","TOR",2019-11-10,201162,"Jared Dudley",2,0,0,0,0,0,0,0,0,0,0,0,0,0,0,0,-1,1985-07-10,2007,1,22,"Boston College",78,237,6.4999999974
"2019-20",9,9,"LAL vs. TOR",21900139,"L","H","Los Angeles Lakers","TOR",2019-11-10,201580,"JaVale McGee",14,5,11,0,0,0,0,10,1,3,4,0,0,0,1,3,3,1988-01-19,2008,1,18,"Nevada-Reno",84,270,6.9999999972
"2019-20",10,10,"LAL @ PHX",21900151,"W","A","Los Angeles Lakers","PHX",2019-11-12,2544,"LeBron James",37,8,18,1,4,2,7,19,0,7,7,11,0,0,1,0,-2,1984-12-30,2003,1,1,"No College",81,250,6.7499999973
"2019-20",10,9,"LAL @ PHX",21900151,"W","A","Los Angeles Lakers","PHX",2019-11-12,1627936,"Alex Caruso",25,1,4,0,1,0,0,2,0,0,0,3,1,1,0,1,15,1994-02-28,NA,NA,NA,"Texas A&M",77,186,6.4166666641
"2019-20",10,10,"LAL @ PHX",21900151,"W","A","Los Angeles Lakers","PHX",2019-11-12,201580,"JaVale McGee",11,5,5,0,0,1,3,11,1,2,3,3,0,1,2,2,-3,1988-01-19,2008,1,18,"Nevada-Reno",84,270,6.9999999972
"2019-20",10,1,"LAL @ PHX",21900151,"W","A","Los Angeles Lakers","PHX",2019-11-12,200765,"Rajon Rondo",14,2,6,1,3,0,0,5,0,6,6,7,0,0,0,1,4,1986-02-22,2006,1,21,"Kentucky",73,180,6.0833333309
"2019-20",10,6,"LAL @ PHX",21900151,"W","A","Los Angeles Lakers","PHX",2019-11-12,1628398,"Kyle Kuzma",25,9,16,3,6,2,2,23,0,4,4,0,1,0,1,3,10,1995-07-24,2017,1,27,"Utah",80,221,6.666666664
"2019-20",10,10,"LAL @ PHX",21900151,"W","A","Los Angeles Lakers","PHX",2019-11-12,201980,"Danny Green",25,5,8,3,5,1,2,14,0,1,1,3,0,0,1,5,7,1987-06-22,2009,2,46,"North Carolina",78,215,6.4999999974
"2019-20",10,10,"LAL @ PHX",21900151,"W","A","Los Angeles Lakers","PHX",2019-11-12,2730,"Dwight Howard",20,6,9,0,0,0,1,12,2,7,9,1,0,1,3,5,3,1985-12-08,2004,1,1,"No College",82,265,6.8333333306
"2019-20",10,9,"LAL @ PHX",21900151,"W","A","Los Angeles Lakers","PHX",2019-11-12,202340,"Avery Bradley",28,4,8,0,2,0,0,8,2,0,2,5,0,0,0,2,-7,1990-11-26,2010,1,19,"Texas",75,180,6.2499999975
"2019-20",10,10,"LAL @ PHX",21900151,"W","A","Los Angeles Lakers","PHX",2019-11-12,1626188,"Quinn Cook",9,1,3,1,2,0,0,3,0,0,0,2,0,0,0,1,9,1993-03-23,NA,NA,NA,"Duke",73,180,6.0833333309
"2019-20",10,10,"LAL @ PHX",21900151,"W","A","Los Angeles Lakers","PHX",2019-11-12,203076,"Anthony Davis",38,9,17,1,2,5,6,24,3,9,12,4,2,1,1,1,6,1993-03-11,2012,1,1,"Kentucky",82,253,6.8333333306
"2019-20",10,10,"LAL @ PHX",21900151,"W","A","Los Angeles Lakers","PHX",2019-11-12,203484,"Kentavious Caldwell-Pope",8,1,1,0,0,0,0,2,0,0,0,0,0,0,0,0,-2,1993-02-18,2013,1,8,"Georgia",77,204,6.4166666641
"2019-20",11,11,"LAL vs. GSW",21900159,"W","H","Los Angeles Lakers","GSW",2019-11-13,2544,"LeBron James",26,11,21,1,5,0,1,23,2,4,6,12,1,1,4,1,13,1984-12-30,2003,1,1,"No College",81,250,6.7499999973
"2019-20",11,11,"LAL vs. GSW",21900159,"W","H","Los Angeles Lakers","GSW",2019-11-13,201580,"JaVale McGee",28,8,12,0,0,2,2,18,5,12,17,2,3,3,2,2,30,1988-01-19,2008,1,18,"Nevada-Reno",84,270,6.9999999972
"2019-20",11,11,"LAL vs. GSW",21900159,"W","H","Los Angeles Lakers","GSW",2019-11-13,201980,"Danny Green",19,2,2,2,2,0,0,6,0,1,1,0,1,0,2,1,7,1987-06-22,2009,2,46,"North Carolina",78,215,6.4999999974
"2019-20",11,10,"LAL vs. GSW",21900159,"W","H","Los Angeles Lakers","GSW",2019-11-13,202340,"Avery Bradley",24,2,5,0,1,2,2,6,0,1,1,2,0,0,2,3,12,1990-11-26,2010,1,19,"Texas",75,180,6.2499999975
"2019-20",11,7,"LAL vs. GSW",21900159,"W","H","Los Angeles Lakers","GSW",2019-11-13,1628398,"Kyle Kuzma",30,7,12,3,6,5,6,22,2,3,5,2,0,0,4,4,21,1995-07-24,2017,1,27,"Utah",80,221,6.666666664
"2019-20",11,11,"LAL vs. GSW",21900159,"W","H","Los Angeles Lakers","GSW",2019-11-13,2730,"Dwight Howard",20,5,7,0,0,5,6,15,3,5,8,3,0,1,3,5,-4,1985-12-08,2004,1,1,"No College",82,265,6.8333333306
"2019-20",11,7,"LAL vs. GSW",21900159,"W","H","Los Angeles Lakers","GSW",2019-11-13,201162,"Jared Dudley",23,2,3,2,2,0,0,6,0,3,3,4,0,1,1,1,8,1985-07-10,2007,1,22,"Boston College",78,237,6.4999999974
"2019-20",11,11,"LAL vs. GSW",21900159,"W","H","Los Angeles Lakers","GSW",2019-11-13,203484,"Kentavious Caldwell-Pope",19,3,9,0,1,0,0,6,1,2,3,1,1,0,0,1,14,1993-02-18,2013,1,8,"Georgia",77,204,6.4166666641
"2019-20",11,10,"LAL vs. GSW",21900159,"W","H","Los Angeles Lakers","GSW",2019-11-13,1627936,"Alex Caruso",27,3,7,1,2,1,1,8,0,6,6,3,1,0,0,0,15,1994-02-28,NA,NA,NA,"Texas A&M",77,186,6.4166666641
"2019-20",11,11,"LAL vs. GSW",21900159,"W","H","Los Angeles Lakers","GSW",2019-11-13,1626188,"Quinn Cook",24,5,11,0,1,0,0,10,0,1,1,2,1,0,1,0,14,1993-03-23,NA,NA,NA,"Duke",73,180,6.0833333309
"2019-20",12,12,"LAL vs. SAC",21900174,"W","H","Los Angeles Lakers","SAC",2019-11-15,203484,"Kentavious Caldwell-Pope",25,6,10,3,5,1,1,16,1,2,3,0,1,0,1,2,-7,1993-02-18,2013,1,8,"Georgia",77,204,6.4166666641
"2019-20",12,8,"LAL vs. SAC",21900174,"W","H","Los Angeles Lakers","SAC",2019-11-15,1628398,"Kyle Kuzma",26,4,9,3,7,2,2,13,0,5,5,1,0,0,2,2,-1,1995-07-24,2017,1,27,"Utah",80,221,6.666666664
"2019-20",12,11,"LAL vs. SAC",21900174,"W","H","Los Angeles Lakers","SAC",2019-11-15,1627936,"Alex Caruso",29,4,10,2,7,0,0,10,0,0,0,3,3,0,0,3,5,1994-02-28,NA,NA,NA,"Texas A&M",77,186,6.4166666641
"2019-20",12,12,"LAL vs. SAC",21900174,"W","H","Los Angeles Lakers","SAC",2019-11-15,1626188,"Quinn Cook",4,1,2,0,0,0,0,2,0,2,2,0,0,0,0,0,6,1993-03-23,NA,NA,NA,"Duke",73,180,6.0833333309
"2019-20",12,11,"LAL vs. SAC",21900174,"W","H","Los Angeles Lakers","SAC",2019-11-15,203076,"Anthony Davis",35,5,12,0,3,7,9,17,0,5,5,2,1,4,4,2,-5,1993-03-11,2012,1,1,"Kentucky",82,253,6.8333333306
"2019-20",12,12,"LAL vs. SAC",21900174,"W","H","Los Angeles Lakers","SAC",2019-11-15,201980,"Danny Green",26,2,8,1,6,1,1,6,2,2,4,0,2,1,1,1,8,1987-06-22,2009,2,46,"North Carolina",78,215,6.4999999974
"2019-20",12,12,"LAL vs. SAC",21900174,"W","H","Los Angeles Lakers","SAC",2019-11-15,2730,"Dwight Howard",22,1,1,0,0,2,2,4,1,6,7,0,0,1,1,3,6,1985-12-08,2004,1,1,"No College",82,265,6.8333333306
"2019-20",12,2,"LAL vs. SAC",21900174,"W","H","Los Angeles Lakers","SAC",2019-11-15,200765,"Rajon Rondo",18,0,3,0,2,0,0,0,0,3,3,4,1,0,2,2,-12,1986-02-22,2006,1,21,"Kentucky",73,180,6.0833333309
"2019-20",12,12,"LAL vs. SAC",21900174,"W","H","Los Angeles Lakers","SAC",2019-11-15,2544,"LeBron James",39,10,20,2,7,7,7,29,3,1,4,11,3,0,2,1,13,1984-12-30,2003,1,1,"No College",81,250,6.7499999973
"2019-20",12,8,"LAL vs. SAC",21900174,"W","H","Los Angeles Lakers","SAC",2019-11-15,201162,"Jared Dudley",4,0,1,0,0,0,0,0,0,1,1,0,0,0,0,1,-7,1985-07-10,2007,1,22,"Boston College",78,237,6.4999999974
"2019-20",12,12,"LAL vs. SAC",21900174,"W","H","Los Angeles Lakers","SAC",2019-11-15,201580,"JaVale McGee",12,1,5,0,0,0,0,2,3,4,7,1,0,0,0,1,4,1988-01-19,2008,1,18,"Nevada-Reno",84,270,6.9999999972
"2019-20",13,13,"LAL vs. ATL",21900188,"W","H","Los Angeles Lakers","ATL",2019-11-17,201980,"Danny Green",24,4,7,3,6,0,0,11,2,4,6,2,3,2,1,0,11,1987-06-22,2009,2,46,"North Carolina",78,215,6.4999999974
"2019-20",13,12,"LAL vs. ATL",21900188,"W","H","Los Angeles Lakers","ATL",2019-11-17,1627936,"Alex Caruso",21,5,7,1,2,0,0,11,0,1,1,1,0,0,1,3,6,1994-02-28,NA,NA,NA,"Texas A&M",77,186,6.4166666641
"2019-20",13,13,"LAL vs. ATL",21900188,"W","H","Los Angeles Lakers","ATL",2019-11-17,1626188,"Quinn Cook",5,1,2,0,0,0,0,2,0,0,0,0,2,0,2,0,-3,1993-03-23,NA,NA,NA,"Duke",73,180,6.0833333309
"2019-20",13,13,"LAL vs. ATL",21900188,"W","H","Los Angeles Lakers","ATL",2019-11-17,203484,"Kentavious Caldwell-Pope",21,6,8,0,2,1,1,13,0,1,1,1,1,0,3,0,12,1993-02-18,2013,1,8,"Georgia",77,204,6.4166666641
"2019-20",13,12,"LAL vs. ATL",21900188,"W","H","Los Angeles Lakers","ATL",2019-11-17,203076,"Anthony Davis",28,5,14,0,2,4,5,14,0,1,1,5,0,5,4,1,6,1993-03-11,2012,1,1,"Kentucky",82,253,6.8333333306
"2019-20",13,13,"LAL vs. ATL",21900188,"W","H","Los Angeles Lakers","ATL",2019-11-17,201580,"JaVale McGee",15,1,2,0,0,0,0,2,2,5,7,0,2,2,0,2,11,1988-01-19,2008,1,18,"Nevada-Reno",84,270,6.9999999972
"2019-20",13,9,"LAL vs. ATL",21900188,"W","H","Los Angeles Lakers","ATL",2019-11-17,201162,"Jared Dudley",3,0,0,0,0,0,0,0,0,1,1,0,0,0,0,0,-2,1985-07-10,2007,1,22,"Boston College",78,237,6.4999999974
"2019-20",13,3,"LAL vs. ATL",21900188,"W","H","Los Angeles Lakers","ATL",2019-11-17,200765,"Rajon Rondo",24,5,9,2,3,3,3,15,1,1,2,3,1,0,2,2,12,1986-02-22,2006,1,21,"Kentucky",73,180,6.0833333309
"2019-20",13,10,"LAL vs. ATL",21900188,"W","H","Los Angeles Lakers","ATL",2019-11-17,203584,"Troy Daniels",16,1,5,0,4,0,0,2,1,1,2,0,0,0,0,3,-5,1991-07-15,NA,NA,NA,"Va Commonwealth",76,200,6.3333333308
"2019-20",13,13,"LAL vs. ATL",21900188,"W","H","Los Angeles Lakers","ATL",2019-11-17,2730,"Dwight Howard",24,0,0,0,0,2,4,2,2,7,9,1,0,3,2,5,18,1985-12-08,2004,1,1,"No College",82,265,6.8333333306
"2019-20",13,13,"LAL vs. ATL",21900188,"W","H","Los Angeles Lakers","ATL",2019-11-17,2544,"LeBron James",33,13,21,6,10,1,1,33,0,7,7,12,1,1,0,1,30,1984-12-30,2003,1,1,"No College",81,250,6.7499999973
"2019-20",13,9,"LAL vs. ATL",21900188,"W","H","Los Angeles Lakers","ATL",2019-11-17,1628398,"Kyle Kuzma",26,6,14,3,6,2,2,17,2,3,5,1,0,1,1,2,9,1995-07-24,2017,1,27,"Utah",80,221,6.666666664
"2019-20",14,4,"LAL vs. OKC",21900201,"W","H","Los Angeles Lakers","OKC",2019-11-19,200765,"Rajon Rondo",27,3,10,1,4,1,2,8,0,2,2,10,0,0,3,0,6,1986-02-22,2006,1,21,"Kentucky",73,180,6.0833333309
"2019-20",14,14,"LAL vs. OKC",21900201,"W","H","Los Angeles Lakers","OKC",2019-11-19,1626188,"Quinn Cook",15,1,5,1,4,0,0,3,0,2,2,0,0,0,0,1,2,1993-03-23,NA,NA,NA,"Duke",73,180,6.0833333309
"2019-20",14,13,"LAL vs. OKC",21900201,"W","H","Los Angeles Lakers","OKC",2019-11-19,1627936,"Alex Caruso",20,3,6,2,4,0,0,8,0,3,3,0,1,0,1,2,0,1994-02-28,NA,NA,NA,"Texas A&M",77,186,6.4166666641
"2019-20",14,14,"LAL vs. OKC",21900201,"W","H","Los Angeles Lakers","OKC",2019-11-19,203484,"Kentavious Caldwell-Pope",33,5,9,3,4,0,0,13,2,2,4,2,0,0,0,1,6,1993-02-18,2013,1,8,"Georgia",77,204,6.4166666641
"2019-20",14,10,"LAL vs. OKC",21900201,"W","H","Los Angeles Lakers","OKC",2019-11-19,1628398,"Kyle Kuzma",9,2,4,1,3,0,0,5,0,0,0,0,0,0,1,1,3,1995-07-24,2017,1,27,"Utah",80,221,6.666666664
"2019-20",14,13,"LAL vs. OKC",21900201,"W","H","Los Angeles Lakers","OKC",2019-11-19,203076,"Anthony Davis",37,13,24,3,5,5,6,34,3,4,7,4,4,2,2,2,1,1993-03-11,2012,1,1,"Kentucky",82,253,6.8333333306
"2019-20",14,14,"LAL vs. OKC",21900201,"W","H","Los Angeles Lakers","OKC",2019-11-19,201980,"Danny Green",21,2,3,1,2,0,0,5,1,4,5,3,0,0,1,4,2,1987-06-22,2009,2,46,"North Carolina",78,215,6.4999999974
"2019-20",14,14,"LAL vs. OKC",21900201,"W","H","Los Angeles Lakers","OKC",2019-11-19,201580,"JaVale McGee",23,3,5,0,0,2,4,8,4,2,6,0,1,4,0,4,-5,1988-01-19,2008,1,18,"Nevada-Reno",84,270,6.9999999972
"2019-20",14,14,"LAL vs. OKC",21900201,"W","H","Los Angeles Lakers","OKC",2019-11-19,2730,"Dwight Howard",17,1,2,0,0,1,2,3,4,2,6,0,1,2,1,3,4,1985-12-08,2004,1,1,"No College",82,265,6.8333333306
"2019-20",14,14,"LAL vs. OKC",21900201,"W","H","Los Angeles Lakers","OKC",2019-11-19,2544,"LeBron James",37,10,21,2,5,3,5,25,0,11,11,10,2,0,7,2,6,1984-12-30,2003,1,1,"No College",81,250,6.7499999973
"2019-20",15,15,"LAL @ OKC",21900220,"W","A","Los Angeles Lakers","OKC",2019-11-22,201580,"JaVale McGee",18,4,9,0,0,0,0,8,3,4,7,1,0,1,0,3,6,1988-01-19,2008,1,18,"Nevada-Reno",84,270,6.9999999972
"2019-20",15,15,"LAL @ OKC",21900220,"W","A","Los Angeles Lakers","OKC",2019-11-22,201980,"Danny Green",29,5,8,4,6,0,0,14,1,3,4,0,0,1,0,3,10,1987-06-22,2009,2,46,"North Carolina",78,215,6.4999999974
"2019-20",15,14,"LAL @ OKC",21900220,"W","A","Los Angeles Lakers","OKC",2019-11-22,203076,"Anthony Davis",35,9,19,4,7,11,11,33,1,10,11,7,1,0,1,3,7,1993-03-11,2012,1,1,"Kentucky",82,253,6.8333333306
"2019-20",15,15,"LAL @ OKC",21900220,"W","A","Los Angeles Lakers","OKC",2019-11-22,203484,"Kentavious Caldwell-Pope",32,5,9,4,5,3,3,17,1,4,5,2,1,0,1,3,6,1993-02-18,2013,1,8,"Georgia",77,204,6.4166666641
"2019-20",15,14,"LAL @ OKC",21900220,"W","A","Los Angeles Lakers","OKC",2019-11-22,1627936,"Alex Caruso",17,2,5,1,4,0,0,5,0,0,0,2,2,0,2,0,-2,1994-02-28,NA,NA,NA,"Texas A&M",77,186,6.4166666641
"2019-20",15,5,"LAL @ OKC",21900220,"W","A","Los Angeles Lakers","OKC",2019-11-22,200765,"Rajon Rondo",18,3,6,2,3,0,0,8,0,1,1,4,2,0,2,2,-1,1986-02-22,2006,1,21,"Kentucky",73,180,6.0833333309
"2019-20",15,15,"LAL @ OKC",21900220,"W","A","Los Angeles Lakers","OKC",2019-11-22,2730,"Dwight Howard",17,3,4,0,0,4,6,10,3,4,7,0,0,1,2,3,-7,1985-12-08,2004,1,1,"No College",82,265,6.8333333306
"2019-20",15,11,"LAL @ OKC",21900220,"W","A","Los Angeles Lakers","OKC",2019-11-22,1628398,"Kyle Kuzma",27,4,6,1,3,1,3,10,0,2,2,0,0,2,1,1,-5,1995-07-24,2017,1,27,"Utah",80,221,6.666666664
"2019-20",15,15,"LAL @ OKC",21900220,"W","A","Los Angeles Lakers","OKC",2019-11-22,2544,"LeBron James",36,9,20,1,3,4,6,23,1,5,6,14,1,1,5,2,3,1984-12-30,2003,1,1,"No College",81,250,6.7499999973
"2019-20",15,15,"LAL @ OKC",21900220,"W","A","Los Angeles Lakers","OKC",2019-11-22,1626188,"Quinn Cook",12,1,2,0,0,0,0,2,1,1,2,2,0,0,1,0,-2,1993-03-23,NA,NA,NA,"Duke",73,180,6.0833333309
"2019-20",16,11,"LAL @ MEM",21900232,"W","A","Los Angeles Lakers","MEM",2019-11-23,203584,"Troy Daniels",18,1,5,1,4,0,0,3,1,0,1,0,0,0,1,1,-6,1991-07-15,NA,NA,NA,"Va Commonwealth",76,200,6.3333333308
"2019-20",16,10,"LAL @ MEM",21900232,"W","A","Los Angeles Lakers","MEM",2019-11-23,201162,"Jared Dudley",7,0,2,0,2,0,0,0,0,1,1,1,0,0,0,1,-6,1985-07-10,2007,1,22,"Boston College",78,237,6.4999999974
"2019-20",16,6,"LAL @ MEM",21900232,"W","A","Los Angeles Lakers","MEM",2019-11-23,200765,"Rajon Rondo",26,6,15,1,5,1,2,14,2,3,5,6,2,0,1,0,4,1986-02-22,2006,1,21,"Kentucky",73,180,6.0833333309
"2019-20",16,16,"LAL @ MEM",21900232,"W","A","Los Angeles Lakers","MEM",2019-11-23,201580,"JaVale McGee",14,1,1,0,0,3,4,5,0,4,4,0,0,0,0,0,-2,1988-01-19,2008,1,18,"Nevada-Reno",84,270,6.9999999972
"2019-20",16,16,"LAL @ MEM",21900232,"W","A","Los Angeles Lakers","MEM",2019-11-23,2730,"Dwight Howard",20,3,4,0,0,4,8,10,4,5,9,1,0,1,0,4,-2,1985-12-08,2004,1,1,"No College",82,265,6.8333333306
"2019-20",16,16,"LAL @ MEM",21900232,"W","A","Los Angeles Lakers","MEM",2019-11-23,2544,"LeBron James",39,14,27,2,9,0,0,30,1,5,6,4,2,0,5,1,7,1984-12-30,2003,1,1,"No College",81,250,6.7499999973
"2019-20",16,16,"LAL @ MEM",21900232,"W","A","Los Angeles Lakers","MEM",2019-11-23,201980,"Danny Green",27,2,7,2,7,2,2,8,0,5,5,2,3,0,3,1,2,1987-06-22,2009,2,46,"North Carolina",78,215,6.4999999974
"2019-20",16,16,"LAL @ MEM",21900232,"W","A","Los Angeles Lakers","MEM",2019-11-23,203484,"Kentavious Caldwell-Pope",29,3,6,3,5,3,4,12,1,1,2,1,1,0,1,3,2,1993-02-18,2013,1,8,"Georgia",77,204,6.4166666641
"2019-20",16,15,"LAL @ MEM",21900232,"W","A","Los Angeles Lakers","MEM",2019-11-23,203076,"Anthony Davis",35,7,14,3,6,5,6,22,2,2,4,3,3,5,3,1,1,1993-03-11,2012,1,1,"Kentucky",82,253,6.8333333306
"2019-20",16,12,"LAL @ MEM",21900232,"W","A","Los Angeles Lakers","MEM",2019-11-23,1628398,"Kyle Kuzma",26,1,3,1,1,2,3,5,0,3,3,1,1,1,2,2,5,1995-07-24,2017,1,27,"Utah",80,221,6.666666664
"2019-20",17,17,"LAL @ SAS",21900249,"W","A","Los Angeles Lakers","SAS",2019-11-25,203484,"Kentavious Caldwell-Pope",28,5,7,3,5,1,2,14,0,1,1,1,2,1,2,1,-2,1993-02-18,2013,1,8,"Georgia",77,204,6.4166666641
"2019-20",17,12,"LAL @ SAS",21900249,"W","A","Los Angeles Lakers","SAS",2019-11-25,203584,"Troy Daniels",15,4,6,3,3,0,0,11,0,0,0,0,1,0,0,0,7,1991-07-15,NA,NA,NA,"Va Commonwealth",76,200,6.3333333308
"2019-20",17,13,"LAL @ SAS",21900249,"W","A","Los Angeles Lakers","SAS",2019-11-25,1628398,"Kyle Kuzma",23,3,10,0,3,4,4,10,0,3,3,2,0,0,1,1,10,1995-07-24,2017,1,27,"Utah",80,221,6.666666664
"2019-20",17,17,"LAL @ SAS",21900249,"W","A","Los Angeles Lakers","SAS",2019-11-25,201580,"JaVale McGee",22,4,5,0,0,0,0,8,0,5,5,0,0,1,0,2,5,1988-01-19,2008,1,18,"Nevada-Reno",84,270,6.9999999972
"2019-20",17,17,"LAL @ SAS",21900249,"W","A","Los Angeles Lakers","SAS",2019-11-25,2544,"LeBron James",35,13,24,4,7,3,8,33,1,3,4,14,0,1,3,2,6,1984-12-30,2003,1,1,"No College",81,250,6.7499999973
"2019-20",17,7,"LAL @ SAS",21900249,"W","A","Los Angeles Lakers","SAS",2019-11-25,200765,"Rajon Rondo",25,5,9,3,3,0,0,13,1,4,5,3,2,0,3,2,13,1986-02-22,2006,1,21,"Kentucky",73,180,6.0833333309
"2019-20",17,17,"LAL @ SAS",21900249,"W","A","Los Angeles Lakers","SAS",2019-11-25,2730,"Dwight Howard",18,0,0,0,0,0,0,0,0,1,1,0,0,0,0,5,0,1985-12-08,2004,1,1,"No College",82,265,6.8333333306
"2019-20",17,15,"LAL @ SAS",21900249,"W","A","Los Angeles Lakers","SAS",2019-11-25,1627936,"Alex Caruso",13,0,2,0,2,0,0,0,0,0,0,1,0,0,0,1,-5,1994-02-28,NA,NA,NA,"Texas A&M",77,186,6.4166666641
"2019-20",17,16,"LAL @ SAS",21900249,"W","A","Los Angeles Lakers","SAS",2019-11-25,203076,"Anthony Davis",33,7,19,1,6,4,4,19,6,6,12,6,2,2,0,3,10,1993-03-11,2012,1,1,"Kentucky",82,253,6.8333333306
"2019-20",17,17,"LAL @ SAS",21900249,"W","A","Los Angeles Lakers","SAS",2019-11-25,201980,"Danny Green",28,3,7,0,4,0,0,6,2,7,9,1,0,1,0,1,6,1987-06-22,2009,2,46,"North Carolina",78,215,6.4999999974
"2019-20",18,13,"LAL @ NOP",21900264,"W","A","Los Angeles Lakers","NOP",2019-11-27,203584,"Troy Daniels",11,2,3,0,1,0,0,4,0,0,0,0,0,0,0,0,8,1991-07-15,NA,NA,NA,"Va Commonwealth",76,200,6.3333333308
"2019-20",18,18,"LAL @ NOP",21900264,"W","A","Los Angeles Lakers","NOP",2019-11-27,203484,"Kentavious Caldwell-Pope",29,2,8,1,5,0,0,5,0,1,1,2,0,1,0,2,-11,1993-02-18,2013,1,8,"Georgia",77,204,6.4166666641
"2019-20",18,14,"LAL @ NOP",21900264,"W","A","Los Angeles Lakers","NOP",2019-11-27,1628398,"Kyle Kuzma",24,6,8,4,4,0,0,16,0,5,5,2,0,0,3,5,8,1995-07-24,2017,1,27,"Utah",80,221,6.666666664
"2019-20",18,8,"LAL @ NOP",21900264,"W","A","Los Angeles Lakers","NOP",2019-11-27,200765,"Rajon Rondo",19,0,3,0,2,0,0,0,0,2,2,7,1,0,2,1,0,1986-02-22,2006,1,21,"Kentucky",73,180,6.0833333309
"2019-20",18,16,"LAL @ NOP",21900264,"W","A","Los Angeles Lakers","NOP",2019-11-27,1627936,"Alex Caruso",25,1,1,0,0,0,0,2,0,1,1,2,1,1,0,2,23,1994-02-28,NA,NA,NA,"Texas A&M",77,186,6.4166666641
"2019-20",18,18,"LAL @ NOP",21900264,"W","A","Los Angeles Lakers","NOP",2019-11-27,201580,"JaVale McGee",13,2,4,0,0,0,0,4,1,6,7,0,1,0,1,2,-6,1988-01-19,2008,1,18,"Nevada-Reno",84,270,6.9999999972
"2019-20",18,18,"LAL @ NOP",21900264,"W","A","Los Angeles Lakers","NOP",2019-11-27,2544,"LeBron James",38,10,18,2,6,7,11,29,2,3,5,11,2,1,5,2,3,1984-12-30,2003,1,1,"No College",81,250,6.7499999973
"2019-20",18,18,"LAL @ NOP",21900264,"W","A","Los Angeles Lakers","NOP",2019-11-27,2730,"Dwight Howard",23,4,5,0,0,1,2,9,1,6,7,0,0,1,0,4,9,1985-12-08,2004,1,1,"No College",82,265,6.8333333306
"2019-20",18,18,"LAL @ NOP",21900264,"W","A","Los Angeles Lakers","NOP",2019-11-27,201980,"Danny Green",21,2,5,0,2,0,0,4,0,0,0,0,1,1,2,3,-8,1987-06-22,2009,2,46,"North Carolina",78,215,6.4999999974
"2019-20",18,17,"LAL @ NOP",21900264,"W","A","Los Angeles Lakers","NOP",2019-11-27,203076,"Anthony Davis",37,15,30,1,4,10,12,41,3,6,9,1,3,1,2,3,-6,1993-03-11,2012,1,1,"Kentucky",82,253,6.8333333306
"2019-20",19,19,"LAL vs. WAS",21900279,"W","H","Los Angeles Lakers","WAS",2019-11-29,2544,"LeBron James",25,9,16,4,8,1,2,23,0,3,3,11,2,1,6,1,20,1984-12-30,2003,1,1,"No College",81,250,6.7499999973
"2019-20",19,19,"LAL vs. WAS",21900279,"W","H","Los Angeles Lakers","WAS",2019-11-29,2730,"Dwight Howard",19,3,4,0,0,2,2,8,2,3,5,0,1,2,3,4,5,1985-12-08,2004,1,1,"No College",82,265,6.8333333306
"2019-20",19,9,"LAL vs. WAS",21900279,"W","H","Los Angeles Lakers","WAS",2019-11-29,200765,"Rajon Rondo",11,5,7,3,4,0,0,13,0,1,1,4,0,0,0,0,15,1986-02-22,2006,1,21,"Kentucky",73,180,6.0833333309
"2019-20",19,19,"LAL vs. WAS",21900279,"W","H","Los Angeles Lakers","WAS",2019-11-29,201580,"JaVale McGee",22,5,7,0,0,5,6,15,1,10,11,2,1,2,3,5,3,1988-01-19,2008,1,18,"Nevada-Reno",84,270,6.9999999972
"2019-20",19,19,"LAL vs. WAS",21900279,"W","H","Los Angeles Lakers","WAS",2019-11-29,201980,"Danny Green",21,4,6,3,5,0,0,11,0,2,2,0,1,0,0,3,18,1987-06-22,2009,2,46,"North Carolina",78,215,6.4999999974
"2019-20",19,18,"LAL vs. WAS",21900279,"W","H","Los Angeles Lakers","WAS",2019-11-29,203076,"Anthony Davis",27,8,15,1,2,9,12,26,4,9,13,2,0,3,0,1,28,1993-03-11,2012,1,1,"Kentucky",82,253,6.8333333306
"2019-20",19,19,"LAL vs. WAS",21900279,"W","H","Los Angeles Lakers","WAS",2019-11-29,203484,"Kentavious Caldwell-Pope",29,2,6,0,2,0,0,4,0,3,3,3,0,0,0,3,23,1993-02-18,2013,1,8,"Georgia",77,204,6.4166666641
"2019-20",19,14,"LAL vs. WAS",21900279,"W","H","Los Angeles Lakers","WAS",2019-11-29,203584,"Troy Daniels",13,0,4,0,3,0,0,0,0,2,2,0,1,0,0,0,-1,1991-07-15,NA,NA,NA,"Va Commonwealth",76,200,6.3333333308
"2019-20",19,11,"LAL vs. WAS",21900279,"W","H","Los Angeles Lakers","WAS",2019-11-29,201162,"Jared Dudley",14,0,1,0,1,2,2,2,0,0,0,2,2,0,1,0,-7,1985-07-10,2007,1,22,"Boston College",78,237,6.4999999974
"2019-20",19,16,"LAL vs. WAS",21900279,"W","H","Los Angeles Lakers","WAS",2019-11-29,1626188,"Quinn Cook",23,7,11,3,4,0,0,17,0,2,2,1,0,0,2,1,-2,1993-03-23,NA,NA,NA,"Duke",73,180,6.0833333309
"2019-20",19,17,"LAL vs. WAS",21900279,"W","H","Los Angeles Lakers","WAS",2019-11-29,1627936,"Alex Caruso",19,0,3,0,2,2,4,2,0,3,3,3,1,0,1,2,-2,1994-02-28,NA,NA,NA,"Texas A&M",77,186,6.4166666641
"2019-20",19,15,"LAL vs. WAS",21900279,"W","H","Los Angeles Lakers","WAS",2019-11-29,1628398,"Kyle Kuzma",17,2,7,0,1,0,0,4,0,2,2,1,0,0,2,0,10,1995-07-24,2017,1,27,"Utah",80,221,6.666666664
"2019-20",20,12,"LAL vs. DAL",21900287,"L","H","Los Angeles Lakers","DAL",2019-12-01,201162,"Jared Dudley",3,0,0,0,0,0,0,0,1,0,1,1,1,0,0,0,5,1985-07-10,2007,1,22,"Boston College",78,237,6.4999999974
"2019-20",20,20,"LAL vs. DAL",21900287,"L","H","Los Angeles Lakers","DAL",2019-12-01,201580,"JaVale McGee",16,2,5,0,0,0,0,4,4,6,10,0,1,1,0,1,-4,1988-01-19,2008,1,18,"Nevada-Reno",84,270,6.9999999972
"2019-20",20,20,"LAL vs. DAL",21900287,"L","H","Los Angeles Lakers","DAL",2019-12-01,201980,"Danny Green",28,3,10,2,8,0,0,8,0,2,2,1,1,0,1,0,-4,1987-06-22,2009,2,46,"North Carolina",78,215,6.4999999974
"2019-20",20,19,"LAL vs. DAL",21900287,"L","H","Los Angeles Lakers","DAL",2019-12-01,203076,"Anthony Davis",36,10,21,1,2,6,6,27,2,8,10,2,1,2,2,2,-7,1993-03-11,2012,1,1,"Kentucky",82,253,6.8333333306
"2019-20",20,15,"LAL vs. DAL",21900287,"L","H","Los Angeles Lakers","DAL",2019-12-01,203584,"Troy Daniels",17,2,4,1,2,0,0,5,0,1,1,0,0,0,1,1,-4,1991-07-15,NA,NA,NA,"Va Commonwealth",76,200,6.3333333308
"2019-20",20,17,"LAL vs. DAL",21900287,"L","H","Los Angeles Lakers","DAL",2019-12-01,1626188,"Quinn Cook",3,0,1,0,1,2,2,2,0,0,0,0,0,0,0,0,5,1993-03-23,NA,NA,NA,"Duke",73,180,6.0833333309
"2019-20",20,18,"LAL vs. DAL",21900287,"L","H","Los Angeles Lakers","DAL",2019-12-01,1627936,"Alex Caruso",25,4,5,2,2,0,0,10,1,3,4,1,0,0,2,1,7,1994-02-28,NA,NA,NA,"Texas A&M",77,186,6.4166666641
"2019-20",20,20,"LAL vs. DAL",21900287,"L","H","Los Angeles Lakers","DAL",2019-12-01,203484,"Kentavious Caldwell-Pope",24,3,7,1,2,0,0,7,0,3,3,2,1,0,1,3,-11,1993-02-18,2013,1,8,"Georgia",77,204,6.4166666641
"2019-20",20,20,"LAL vs. DAL",21900287,"L","H","Los Angeles Lakers","DAL",2019-12-01,2730,"Dwight Howard",12,2,3,0,0,0,2,4,1,2,3,2,0,0,0,1,-8,1985-12-08,2004,1,1,"No College",82,265,6.8333333306
"2019-20",20,16,"LAL vs. DAL",21900287,"L","H","Los Angeles Lakers","DAL",2019-12-01,1628398,"Kyle Kuzma",21,1,8,0,5,2,3,4,0,1,1,1,0,0,1,2,-15,1995-07-24,2017,1,27,"Utah",80,221,6.666666664
"2019-20",20,10,"LAL vs. DAL",21900287,"L","H","Los Angeles Lakers","DAL",2019-12-01,200765,"Rajon Rondo",18,2,3,0,0,0,0,4,0,1,1,7,0,0,3,0,-18,1986-02-22,2006,1,21,"Kentucky",73,180,6.0833333309
"2019-20",20,20,"LAL vs. DAL",21900287,"L","H","Los Angeles Lakers","DAL",2019-12-01,2544,"LeBron James",36,11,20,0,5,3,3,25,0,9,9,8,4,0,6,3,-16,1984-12-30,2003,1,1,"No College",81,250,6.7499999973
"2019-20",21,11,"LAL @ DEN",21900304,"W","A","Los Angeles Lakers","DEN",2019-12-03,200765,"Rajon Rondo",25,4,6,2,2,1,2,11,0,6,6,6,1,0,2,1,8,1986-02-22,2006,1,21,"Kentucky",73,180,6.0833333309
"2019-20",21,21,"LAL @ DEN",21900304,"W","A","Los Angeles Lakers","DEN",2019-12-03,201980,"Danny Green",31,2,12,1,7,0,0,5,1,6,7,3,3,0,0,2,2,1987-06-22,2009,2,46,"North Carolina",78,215,6.4999999974
"2019-20",21,17,"LAL @ DEN",21900304,"W","A","Los Angeles Lakers","DEN",2019-12-03,1628398,"Kyle Kuzma",19,2,6,0,0,2,2,6,1,4,5,2,0,0,3,1,8,1995-07-24,2017,1,27,"Utah",80,221,6.666666664
"2019-20",21,16,"LAL @ DEN",21900304,"W","A","Los Angeles Lakers","DEN",2019-12-03,203584,"Troy Daniels",10,2,3,2,3,0,1,6,1,2,3,0,0,0,0,0,6,1991-07-15,NA,NA,NA,"Va Commonwealth",76,200,6.3333333308
"2019-20",21,21,"LAL @ DEN",21900304,"W","A","Los Angeles Lakers","DEN",2019-12-03,203484,"Kentavious Caldwell-Pope",32,2,5,0,3,0,0,4,1,2,3,3,3,0,3,0,3,1993-02-18,2013,1,8,"Georgia",77,204,6.4166666641
"2019-20",21,20,"LAL @ DEN",21900304,"W","A","Los Angeles Lakers","DEN",2019-12-03,203076,"Anthony Davis",37,9,18,1,3,6,9,25,3,7,10,1,0,1,1,3,11,1993-03-11,2012,1,1,"Kentucky",82,253,6.8333333306
"2019-20",21,21,"LAL @ DEN",21900304,"W","A","Los Angeles Lakers","DEN",2019-12-03,201580,"JaVale McGee",14,2,5,0,0,0,0,4,2,4,6,0,0,1,1,3,-6,1988-01-19,2008,1,18,"Nevada-Reno",84,270,6.9999999972
"2019-20",21,21,"LAL @ DEN",21900304,"W","A","Los Angeles Lakers","DEN",2019-12-03,2544,"LeBron James",37,9,18,1,4,6,6,25,2,4,6,9,0,0,4,3,4,1984-12-30,2003,1,1,"No College",81,250,6.7499999973
"2019-20",21,19,"LAL @ DEN",21900304,"W","A","Los Angeles Lakers","DEN",2019-12-03,1627936,"Alex Caruso",16,2,3,0,1,2,2,6,1,3,4,0,1,1,1,6,11,1994-02-28,NA,NA,NA,"Texas A&M",77,186,6.4166666641
"2019-20",21,21,"LAL @ DEN",21900304,"W","A","Los Angeles Lakers","DEN",2019-12-03,2730,"Dwight Howard",19,5,8,0,1,3,8,13,2,4,6,0,0,2,1,4,-2,1985-12-08,2004,1,1,"No College",82,265,6.8333333306
"2019-20",22,22,"LAL @ UTA",21900314,"W","A","Los Angeles Lakers","UTA",2019-12-04,2730,"Dwight Howard",19,3,3,1,1,0,4,7,2,7,9,1,0,3,0,0,19,1985-12-08,2004,1,1,"No College",82,265,6.8333333306
"2019-20",22,13,"LAL @ UTA",21900314,"W","A","Los Angeles Lakers","UTA",2019-12-04,201162,"Jared Dudley",5,1,1,1,1,0,0,3,0,0,0,0,1,0,0,0,4,1985-07-10,2007,1,22,"Boston College",78,237,6.4999999974
"2019-20",22,22,"LAL @ UTA",21900314,"W","A","Los Angeles Lakers","UTA",2019-12-04,201580,"JaVale McGee",14,4,8,0,0,0,0,8,3,2,5,0,2,1,0,3,-1,1988-01-19,2008,1,18,"Nevada-Reno",84,270,6.9999999972
"2019-20",22,22,"LAL @ UTA",21900314,"W","A","Los Angeles Lakers","UTA",2019-12-04,201980,"Danny Green",21,2,4,2,4,0,0,6,1,4,5,0,0,1,1,2,2,1987-06-22,2009,2,46,"North Carolina",78,215,6.4999999974
"2019-20",22,22,"LAL @ UTA",21900314,"W","A","Los Angeles Lakers","UTA",2019-12-04,203484,"Kentavious Caldwell-Pope",25,5,8,2,4,2,2,14,1,0,1,0,0,1,0,2,14,1993-02-18,2013,1,8,"Georgia",77,204,6.4166666641
"2019-20",22,18,"LAL @ UTA",21900314,"W","A","Los Angeles Lakers","UTA",2019-12-04,1626188,"Quinn Cook",5,1,3,0,0,0,0,2,0,1,1,0,0,0,0,1,4,1993-03-23,NA,NA,NA,"Duke",73,180,6.0833333309
"2019-20",22,17,"LAL @ UTA",21900314,"W","A","Los Angeles Lakers","UTA",2019-12-04,203584,"Troy Daniels",13,1,4,1,3,0,0,3,0,2,2,0,1,0,0,1,2,1991-07-15,NA,NA,NA,"Va Commonwealth",76,200,6.3333333308
"2019-20",22,21,"LAL @ UTA",21900314,"W","A","Los Angeles Lakers","UTA",2019-12-04,203076,"Anthony Davis",26,9,11,0,0,8,9,26,1,5,6,1,1,3,0,2,3,1993-03-11,2012,1,1,"Kentucky",82,253,6.8333333306
"2019-20",22,18,"LAL @ UTA",21900314,"W","A","Los Angeles Lakers","UTA",2019-12-04,1628398,"Kyle Kuzma",31,4,11,3,5,2,7,13,0,1,1,0,4,3,2,0,25,1995-07-24,2017,1,27,"Utah",80,221,6.666666664
"2019-20",22,20,"LAL @ UTA",21900314,"W","A","Los Angeles Lakers","UTA",2019-12-04,1627936,"Alex Caruso",21,2,4,1,2,0,0,5,0,3,3,1,1,0,1,1,14,1994-02-28,NA,NA,NA,"Texas A&M",77,186,6.4166666641
"2019-20",22,12,"LAL @ UTA",21900314,"W","A","Los Angeles Lakers","UTA",2019-12-04,200765,"Rajon Rondo",32,5,12,2,3,2,2,14,0,9,9,12,2,0,2,2,25,1986-02-22,2006,1,21,"Kentucky",73,180,6.0833333309
"2019-20",22,22,"LAL @ UTA",21900314,"W","A","Los Angeles Lakers","UTA",2019-12-04,2544,"LeBron James",29,9,21,1,6,1,1,20,0,4,4,12,1,0,1,3,14,1984-12-30,2003,1,1,"No College",81,250,6.7499999973
"2019-20",23,23,"LAL @ POR",21900329,"W","A","Los Angeles Lakers","POR",2019-12-06,203484,"Kentavious Caldwell-Pope",27,1,3,1,3,2,2,5,0,0,0,5,1,0,0,1,8,1993-02-18,2013,1,8,"Georgia",77,204,6.4166666641
"2019-20",23,19,"LAL @ POR",21900329,"W","A","Los Angeles Lakers","POR",2019-12-06,1626188,"Quinn Cook",10,1,3,0,1,0,0,2,0,0,0,1,0,0,1,0,0,1993-03-23,NA,NA,NA,"Duke",73,180,6.0833333309
"2019-20",23,23,"LAL @ POR",21900329,"W","A","Los Angeles Lakers","POR",2019-12-06,2730,"Dwight Howard",21,1,1,0,0,3,4,5,1,9,10,0,2,0,2,5,14,1985-12-08,2004,1,1,"No College",82,265,6.8333333306
"2019-20",23,19,"LAL @ POR",21900329,"W","A","Los Angeles Lakers","POR",2019-12-06,1628398,"Kyle Kuzma",24,6,13,3,6,0,0,15,0,6,6,1,0,0,2,2,19,1995-07-24,2017,1,27,"Utah",80,221,6.666666664
"2019-20",23,23,"LAL @ POR",21900329,"W","A","Los Angeles Lakers","POR",2019-12-06,2544,"LeBron James",34,11,23,4,9,5,7,31,1,6,7,8,0,1,3,1,21,1984-12-30,2003,1,1,"No College",81,250,6.7499999973
"2019-20",23,18,"LAL @ POR",21900329,"W","A","Los Angeles Lakers","POR",2019-12-06,203584,"Troy Daniels",13,3,5,3,5,0,0,9,0,1,1,1,1,0,1,3,7,1991-07-15,NA,NA,NA,"Va Commonwealth",76,200,6.3333333308
"2019-20",23,22,"LAL @ POR",21900329,"W","A","Los Angeles Lakers","POR",2019-12-06,203076,"Anthony Davis",32,12,21,2,6,13,15,39,0,9,9,2,2,3,3,2,6,1993-03-11,2012,1,1,"Kentucky",82,253,6.8333333306
"2019-20",23,23,"LAL @ POR",21900329,"W","A","Los Angeles Lakers","POR",2019-12-06,201980,"Danny Green",21,1,3,1,3,0,0,3,0,5,5,2,1,1,1,2,5,1987-06-22,2009,2,46,"North Carolina",78,215,6.4999999974
"2019-20",23,23,"LAL @ POR",21900329,"W","A","Los Angeles Lakers","POR",2019-12-06,201580,"JaVale McGee",15,6,7,0,0,1,1,13,1,2,3,0,0,2,0,3,5,1988-01-19,2008,1,18,"Nevada-Reno",84,270,6.9999999972
"2019-20",23,14,"LAL @ POR",21900329,"W","A","Los Angeles Lakers","POR",2019-12-06,201162,"Jared Dudley",4,0,0,0,0,0,0,0,0,0,0,0,0,0,0,0,4,1985-07-10,2007,1,22,"Boston College",78,237,6.4999999974
"2019-20",23,13,"LAL @ POR",21900329,"W","A","Los Angeles Lakers","POR",2019-12-06,200765,"Rajon Rondo",15,2,2,2,2,0,0,6,0,3,3,4,2,1,2,0,13,1986-02-22,2006,1,21,"Kentucky",73,180,6.0833333309
"2019-20",23,21,"LAL @ POR",21900329,"W","A","Los Angeles Lakers","POR",2019-12-06,1627936,"Alex Caruso",24,2,4,1,1,3,4,8,0,1,1,2,1,0,1,4,13,1994-02-28,NA,NA,NA,"Texas A&M",77,186,6.4166666641
"2019-20",24,22,"LAL vs. MIN",21900342,"W","H","Los Angeles Lakers","MIN",2019-12-08,1627936,"Alex Caruso",30,6,11,2,3,2,4,16,0,4,4,4,2,0,0,1,7,1994-02-28,NA,NA,NA,"Texas A&M",77,186,6.4166666641
"2019-20",24,20,"LAL vs. MIN",21900342,"W","H","Los Angeles Lakers","MIN",2019-12-08,1628398,"Kyle Kuzma",26,3,7,1,3,0,0,7,1,0,1,1,0,0,1,0,-5,1995-07-24,2017,1,27,"Utah",80,221,6.666666664
"2019-20",24,24,"LAL vs. MIN",21900342,"W","H","Los Angeles Lakers","MIN",2019-12-08,2730,"Dwight Howard",22,3,5,0,1,2,2,8,3,3,6,0,0,0,1,2,8,1985-12-08,2004,1,1,"No College",82,265,6.8333333306
"2019-20",24,23,"LAL vs. MIN",21900342,"W","H","Los Angeles Lakers","MIN",2019-12-08,203076,"Anthony Davis",39,20,29,0,2,10,10,50,3,4,7,6,4,1,1,1,19,1993-03-11,2012,1,1,"Kentucky",82,253,6.8333333306
"2019-20",24,24,"LAL vs. MIN",21900342,"W","H","Los Angeles Lakers","MIN",2019-12-08,2544,"LeBron James",28,12,20,6,8,2,2,32,1,3,4,13,1,0,5,4,24,1984-12-30,2003,1,1,"No College",81,250,6.7499999973
"2019-20",24,15,"LAL vs. MIN",21900342,"W","H","Los Angeles Lakers","MIN",2019-12-08,201162,"Jared Dudley",3,0,0,0,0,0,0,0,1,2,3,0,0,0,0,0,-2,1985-07-10,2007,1,22,"Boston College",78,237,6.4999999974
"2019-20",24,24,"LAL vs. MIN",21900342,"W","H","Los Angeles Lakers","MIN",2019-12-08,201580,"JaVale McGee",16,3,3,0,0,0,0,6,1,4,5,0,0,0,0,4,13,1988-01-19,2008,1,18,"Nevada-Reno",84,270,6.9999999972
"2019-20",24,24,"LAL vs. MIN",21900342,"W","H","Los Angeles Lakers","MIN",2019-12-08,201980,"Danny Green",26,4,6,4,6,0,0,12,0,8,8,1,2,0,0,4,27,1987-06-22,2009,2,46,"North Carolina",78,215,6.4999999974
"2019-20",24,24,"LAL vs. MIN",21900342,"W","H","Los Angeles Lakers","MIN",2019-12-08,203484,"Kentavious Caldwell-Pope",28,3,7,1,4,2,2,9,0,2,2,5,0,0,1,1,13,1993-02-18,2013,1,8,"Georgia",77,204,6.4166666641
"2019-20",24,19,"LAL vs. MIN",21900342,"W","H","Los Angeles Lakers","MIN",2019-12-08,203584,"Troy Daniels",8,0,2,0,2,0,0,0,0,1,1,0,0,0,0,1,-6,1991-07-15,NA,NA,NA,"Va Commonwealth",76,200,6.3333333308
"2019-20",24,20,"LAL vs. MIN",21900342,"W","H","Los Angeles Lakers","MIN",2019-12-08,1626188,"Quinn Cook",10,1,3,0,1,0,0,2,0,0,0,1,0,0,1,1,-13,1993-03-23,NA,NA,NA,"Duke",73,180,6.0833333309
"2019-20",24,1,"LAL vs. MIN",21900342,"W","H","Los Angeles Lakers","MIN",2019-12-08,1629659,"Talen Horton-Tucker",2,0,1,0,1,0,0,0,0,0,0,1,0,0,0,0,0,2000-11-25,2019,2,46,"Iowa State",76,234,6.3333333308
"2019-20",25,25,"LAL @ ORL",21900358,"W","A","Los Angeles Lakers","ORL",2019-12-11,2544,"LeBron James",38,11,24,1,6,2,5,25,2,9,11,10,2,0,6,2,8,1984-12-30,2003,1,1,"No College",81,250,6.7499999973
"2019-20",25,11,"LAL @ ORL",21900358,"W","A","Los Angeles Lakers","ORL",2019-12-11,202340,"Avery Bradley",17,1,4,0,1,0,0,2,0,2,2,0,0,0,0,2,12,1990-11-26,2010,1,19,"Texas",75,180,6.2499999975
"2019-20",25,25,"LAL @ ORL",21900358,"W","A","Los Angeles Lakers","ORL",2019-12-11,2730,"Dwight Howard",18,1,4,0,0,0,2,2,2,4,6,1,1,1,1,1,-2,1985-12-08,2004,1,1,"No College",82,265,6.8333333306
"2019-20",25,23,"LAL @ ORL",21900358,"W","A","Los Angeles Lakers","ORL",2019-12-11,1627936,"Alex Caruso",28,2,4,2,2,1,2,7,1,5,6,0,1,0,2,0,13,1994-02-28,NA,NA,NA,"Texas A&M",77,186,6.4166666641
"2019-20",25,16,"LAL @ ORL",21900358,"W","A","Los Angeles Lakers","ORL",2019-12-11,201162,"Jared Dudley",21,3,5,3,4,0,0,9,0,2,2,0,0,0,0,3,16,1985-07-10,2007,1,22,"Boston College",78,237,6.4999999974
"2019-20",25,25,"LAL @ ORL",21900358,"W","A","Los Angeles Lakers","ORL",2019-12-11,201580,"JaVale McGee",14,3,3,0,0,2,2,8,1,3,4,0,0,0,0,4,-3,1988-01-19,2008,1,18,"Nevada-Reno",84,270,6.9999999972
"2019-20",25,25,"LAL @ ORL",21900358,"W","A","Los Angeles Lakers","ORL",2019-12-11,201980,"Danny Green",29,4,11,0,6,0,0,8,2,3,5,3,1,1,0,1,-8,1987-06-22,2009,2,46,"North Carolina",78,215,6.4999999974
"2019-20",25,24,"LAL @ ORL",21900358,"W","A","Los Angeles Lakers","ORL",2019-12-11,203076,"Anthony Davis",37,6,20,1,4,3,4,16,4,8,12,6,2,2,2,2,4,1993-03-11,2012,1,1,"Kentucky",82,253,6.8333333306
"2019-20",25,25,"LAL @ ORL",21900358,"W","A","Los Angeles Lakers","ORL",2019-12-11,203484,"Kentavious Caldwell-Pope",31,5,10,4,7,1,1,15,0,0,0,0,3,0,2,2,-3,1993-02-18,2013,1,8,"Georgia",77,204,6.4166666641
"2019-20",25,20,"LAL @ ORL",21900358,"W","A","Los Angeles Lakers","ORL",2019-12-11,203584,"Troy Daniels",7,1,2,1,1,1,3,4,0,1,1,0,0,0,0,0,8,1991-07-15,NA,NA,NA,"Va Commonwealth",76,200,6.3333333308
"2019-20",26,26,"LAL @ MIA",21900374,"W","A","Los Angeles Lakers","MIA",2019-12-13,2730,"Dwight Howard",19,2,3,0,0,0,0,4,4,4,8,0,0,0,2,3,-9,1985-12-08,2004,1,1,"No College",82,265,6.8333333306
"2019-20",26,26,"LAL @ MIA",21900374,"W","A","Los Angeles Lakers","MIA",2019-12-13,2544,"LeBron James",37,11,22,4,8,2,4,28,2,7,9,12,1,0,8,2,9,1984-12-30,2003,1,1,"No College",81,250,6.7499999973
"2019-20",26,17,"LAL @ MIA",21900374,"W","A","Los Angeles Lakers","MIA",2019-12-13,201162,"Jared Dudley",17,1,5,1,3,0,0,3,0,2,2,3,2,0,0,2,-7,1985-07-10,2007,1,22,"Boston College",78,237,6.4999999974
"2019-20",26,14,"LAL @ MIA",21900374,"W","A","Los Angeles Lakers","MIA",2019-12-13,200765,"Rajon Rondo",25,0,5,0,4,0,0,0,0,2,2,4,1,0,2,3,-10,1986-02-22,2006,1,21,"Kentucky",73,180,6.0833333309
"2019-20",26,26,"LAL @ MIA",21900374,"W","A","Los Angeles Lakers","MIA",2019-12-13,201580,"JaVale McGee",17,4,5,0,0,1,3,9,3,7,10,1,1,5,0,3,11,1988-01-19,2008,1,18,"Nevada-Reno",84,270,6.9999999972
"2019-20",26,26,"LAL @ MIA",21900374,"W","A","Los Angeles Lakers","MIA",2019-12-13,201980,"Danny Green",27,2,7,2,6,3,3,9,0,2,2,1,0,1,2,1,2,1987-06-22,2009,2,46,"North Carolina",78,215,6.4999999974
"2019-20",26,25,"LAL @ MIA",21900374,"W","A","Los Angeles Lakers","MIA",2019-12-13,203076,"Anthony Davis",38,11,20,4,9,7,9,33,1,9,10,1,0,3,1,3,11,1993-03-11,2012,1,1,"Kentucky",82,253,6.8333333306
"2019-20",26,26,"LAL @ MIA",21900374,"W","A","Los Angeles Lakers","MIA",2019-12-13,203484,"Kentavious Caldwell-Pope",30,6,9,1,3,2,4,15,3,0,3,4,0,0,2,2,5,1993-02-18,2013,1,8,"Georgia",77,204,6.4166666641
"2019-20",26,24,"LAL @ MIA",21900374,"W","A","Los Angeles Lakers","MIA",2019-12-13,1627936,"Alex Caruso",11,1,2,0,1,0,0,2,0,1,1,0,0,0,1,1,6,1994-02-28,NA,NA,NA,"Texas A&M",77,186,6.4166666641
"2019-20",26,12,"LAL @ MIA",21900374,"W","A","Los Angeles Lakers","MIA",2019-12-13,202340,"Avery Bradley",19,5,9,0,3,0,0,10,1,2,3,0,0,0,1,3,-3,1990-11-26,2010,1,19,"Texas",75,180,6.2499999975
"2019-20",27,27,"LAL @ ATL",21900390,"W","A","Los Angeles Lakers","ATL",2019-12-15,201980,"Danny Green",21,2,8,0,5,6,6,10,1,5,6,0,2,0,0,1,5,1987-06-22,2009,2,46,"North Carolina",78,215,6.4999999974
"2019-20",27,15,"LAL @ ATL",21900390,"W","A","Los Angeles Lakers","ATL",2019-12-15,200765,"Rajon Rondo",26,4,10,1,4,2,2,11,1,6,7,5,2,0,2,1,0,1986-02-22,2006,1,21,"Kentucky",73,180,6.0833333309
"2019-20",27,27,"LAL @ ATL",21900390,"W","A","Los Angeles Lakers","ATL",2019-12-15,2730,"Dwight Howard",23,1,1,0,0,0,0,2,2,5,7,1,1,3,2,4,8,1985-12-08,2004,1,1,"No College",82,265,6.8333333306
"2019-20",27,18,"LAL @ ATL",21900390,"W","A","Los Angeles Lakers","ATL",2019-12-15,201162,"Jared Dudley",17,0,0,0,0,0,0,0,0,0,0,0,1,0,0,4,0,1985-07-10,2007,1,22,"Boston College",78,237,6.4999999974
"2019-20",27,13,"LAL @ ATL",21900390,"W","A","Los Angeles Lakers","ATL",2019-12-15,202340,"Avery Bradley",24,1,6,0,2,1,2,3,0,0,0,1,3,0,3,4,3,1990-11-26,2010,1,19,"Texas",75,180,6.2499999975
"2019-20",27,27,"LAL @ ATL",21900390,"W","A","Los Angeles Lakers","ATL",2019-12-15,2544,"LeBron James",37,12,21,4,10,4,7,32,1,12,13,7,1,3,4,1,10,1984-12-30,2003,1,1,"No College",81,250,6.7499999973
"2019-20",27,25,"LAL @ ATL",21900390,"W","A","Los Angeles Lakers","ATL",2019-12-15,1627936,"Alex Caruso",15,0,2,0,2,2,2,2,1,1,2,1,1,0,0,2,2,1994-02-28,NA,NA,NA,"Texas A&M",77,186,6.4166666641
"2019-20",27,27,"LAL @ ATL",21900390,"W","A","Los Angeles Lakers","ATL",2019-12-15,203484,"Kentavious Caldwell-Pope",27,4,11,0,2,3,5,11,2,1,3,2,1,0,1,1,0,1993-02-18,2013,1,8,"Georgia",77,204,6.4166666641
"2019-20",27,26,"LAL @ ATL",21900390,"W","A","Los Angeles Lakers","ATL",2019-12-15,203076,"Anthony Davis",35,11,23,0,6,5,7,27,2,11,13,3,1,2,5,5,-3,1993-03-11,2012,1,1,"Kentucky",82,253,6.8333333306
"2019-20",27,27,"LAL @ ATL",21900390,"W","A","Los Angeles Lakers","ATL",2019-12-15,201580,"JaVale McGee",15,1,2,0,0,1,2,3,3,2,5,1,1,1,5,1,0,1988-01-19,2008,1,18,"Nevada-Reno",84,270,6.9999999972
